<keymap version="1" name="XWin copy" parent="Default for XWin">
  <action id="ChangesView.ToggleCommitUi" />
  <action id="CheckinProject" />
  <action id="EditorDeleteLine">
    <keyboard-shortcut first-keystroke="ctrl y" />
    <keyboard-shortcut first-keystroke="ctrl k" />
  </action>
  <action id="GotoFile" />
  <action id="NewScratchFile">
    <keyboard-shortcut first-keystroke="shift ctrl alt insert" />
    <keyboard-shortcut first-keystroke="shift ctrl n" />
  </action>
  <action id="UpdateRunningApplication" />
  <action id="android.deploy.ApplyChanges">
    <keyboard-shortcut first-keystroke="ctrl f10" />
  </action>
  <action id="android.deploy.CodeSwap">
    <keyboard-shortcut first-keystroke="ctrl alt f10" />
  </action>
  <action id="android.deploy.livedit.recompose">
    <keyboard-shortcut first-keystroke="shift ctrl k" />
  </action>
  <action id="android.deploy.livedit.trigger">
    <keyboard-shortcut first-keystroke="ctrl k" />
  </action>
</keymap>