<application>
  <component name="com.intellij.ide.ui.customization.CustomActionsSchema">
    <group value="addQuickAction.BackForward" is_action="true" action_type="1" position="0">
      <path value="root" />
      <path value="Main Toolbar" />
      <path value="Left" />
      <path value="General Actions" />
      <option name="myInitialPosition" value="-1" />
    </group>
    <group value="Back" is_action="true" action_type="1" position="2">
      <path value="root" />
      <path value="Main Toolbar" />
      <path value="Left" />
      <path value="General Actions" />
      <option name="myInitialPosition" value="-1" />
    </group>
    <group value="Forward" is_action="true" action_type="1" position="3">
      <path value="root" />
      <path value="Main Toolbar" />
      <path value="Left" />
      <path value="General Actions" />
      <option name="myInitialPosition" value="-1" />
    </group>
  </component>
</application>