<application>
  <component name="BuildProcessSatisfactionSurveyStore">
    <option name="daysWithGradleBuilds" value="38" />
    <option name="firstKotlinGradleBuildTime" value="1720711173" />
    <option name="lastKotlinGradleBuildTime" value="1729111705" />
    <option name="nextCountedGradleBuild" value="1729182128" />
  </component>
  <component name="KotlinNewUserTracker">
    <option name="firstKtFileOpened" value="1701971284" />
    <option name="lastKtFileOpened" value="1729129091" />
    <option name="newKtUserSince" value="1701971284" />
  </component>
</application>