<application>
  <component name="dataSourceStorage" format="xml" multifile-model="true">
    <data-source source="LOCAL" name="guild_vote_db@guild-vote-db.cjx4cjhs1ogi.us-east-1.rds.amazonaws.com" uuid="bc50bbf6-ee2e-41b6-afaf-61a66b4d8646">
      <driver-ref>postgresql</driver-ref>
      <synchronize>true</synchronize>
      <jdbc-driver>org.postgresql.Driver</jdbc-driver>
      <jdbc-url>jdbc:postgresql://guild-vote-db.cjx4cjhs1ogi.us-east-1.rds.amazonaws.com:5432/guild_vote_db</jdbc-url>
      <jdbc-additional-properties>
        <property name="com.intellij.clouds.kubernetes.db.host.port" />
        <property name="com.intellij.clouds.kubernetes.db.enabled" value="false" />
        <property name="com.intellij.clouds.kubernetes.db.container.port" />
      </jdbc-additional-properties>
      <working-dir>$ProjectFileDir$</working-dir>
    </data-source>
    <data-source source="LOCAL" name="guild_vote_db_stg@guild-vote-db-stg.cjx4cjhs1ogi.us-east-1.rds.amazonaws.com [2]" uuid="e355a2a5-7e18-4ee8-8da0-f96d9dae28d7">
      <driver-ref>postgresql</driver-ref>
      <synchronize>true</synchronize>
      <jdbc-driver>org.postgresql.Driver</jdbc-driver>
      <jdbc-url>jdbc:postgresql://guild-vote-db-stg.cjx4cjhs1ogi.us-east-1.rds.amazonaws.com:5432/guild_vote_db_stg</jdbc-url>
      <jdbc-additional-properties>
        <property name="com.intellij.clouds.kubernetes.db.host.port" />
        <property name="com.intellij.clouds.kubernetes.db.enabled" value="false" />
        <property name="com.intellij.clouds.kubernetes.db.resource.type" value="Deployment" />
        <property name="com.intellij.clouds.kubernetes.db.container.port" />
      </jdbc-additional-properties>
      <working-dir>$ProjectFileDir$</working-dir>
    </data-source>
  </component>
</application>