<application>
  <component name="ProjectJdkTable">
    <jdk version="2">
      <name value="Kotlin SDK" />
      <type value="KotlinSDK" />
      <homePath value="/" />
      <roots>
        <annotationsPath>
          <root type="composite" />
        </annotationsPath>
        <classPath>
          <root type="composite" />
        </classPath>
        <javadocPath>
          <root type="composite" />
        </javadocPath>
        <sourcePath>
          <root type="composite" />
        </sourcePath>
      </roots>
    </jdk>
    <jdk version="2">
      <name value="21" />
      <type value="JavaSDK" />
      <version value="java version &quot;21.0.4&quot;" />
      <homePath value="/usr/lib/jvm/java-1.21.0-openjdk-amd64" />
      <roots>
        <annotationsPath>
          <root type="composite">
            <root url="jar://$APPLICATION_HOME_DIR$/plugins/java/lib/resources/jdkAnnotations.jar!/" type="simple" />
          </root>
        </annotationsPath>
        <classPath>
          <root type="composite">
            <root url="jrt:///usr/lib/jvm/java-1.21.0-openjdk-amd64!/java.base" type="simple" />
            <root url="jrt:///usr/lib/jvm/java-1.21.0-openjdk-amd64!/java.compiler" type="simple" />
            <root url="jrt:///usr/lib/jvm/java-1.21.0-openjdk-amd64!/java.datatransfer" type="simple" />
            <root url="jrt:///usr/lib/jvm/java-1.21.0-openjdk-amd64!/java.desktop" type="simple" />
            <root url="jrt:///usr/lib/jvm/java-1.21.0-openjdk-amd64!/java.instrument" type="simple" />
            <root url="jrt:///usr/lib/jvm/java-1.21.0-openjdk-amd64!/java.logging" type="simple" />
            <root url="jrt:///usr/lib/jvm/java-1.21.0-openjdk-amd64!/java.management" type="simple" />
            <root url="jrt:///usr/lib/jvm/java-1.21.0-openjdk-amd64!/java.management.rmi" type="simple" />
            <root url="jrt:///usr/lib/jvm/java-1.21.0-openjdk-amd64!/java.naming" type="simple" />
            <root url="jrt:///usr/lib/jvm/java-1.21.0-openjdk-amd64!/java.net.http" type="simple" />
            <root url="jrt:///usr/lib/jvm/java-1.21.0-openjdk-amd64!/java.prefs" type="simple" />
            <root url="jrt:///usr/lib/jvm/java-1.21.0-openjdk-amd64!/java.rmi" type="simple" />
            <root url="jrt:///usr/lib/jvm/java-1.21.0-openjdk-amd64!/java.scripting" type="simple" />
            <root url="jrt:///usr/lib/jvm/java-1.21.0-openjdk-amd64!/java.se" type="simple" />
            <root url="jrt:///usr/lib/jvm/java-1.21.0-openjdk-amd64!/java.security.jgss" type="simple" />
            <root url="jrt:///usr/lib/jvm/java-1.21.0-openjdk-amd64!/java.security.sasl" type="simple" />
            <root url="jrt:///usr/lib/jvm/java-1.21.0-openjdk-amd64!/java.smartcardio" type="simple" />
            <root url="jrt:///usr/lib/jvm/java-1.21.0-openjdk-amd64!/java.sql" type="simple" />
            <root url="jrt:///usr/lib/jvm/java-1.21.0-openjdk-amd64!/java.sql.rowset" type="simple" />
            <root url="jrt:///usr/lib/jvm/java-1.21.0-openjdk-amd64!/java.transaction.xa" type="simple" />
            <root url="jrt:///usr/lib/jvm/java-1.21.0-openjdk-amd64!/java.xml" type="simple" />
            <root url="jrt:///usr/lib/jvm/java-1.21.0-openjdk-amd64!/java.xml.crypto" type="simple" />
            <root url="jrt:///usr/lib/jvm/java-1.21.0-openjdk-amd64!/jdk.accessibility" type="simple" />
            <root url="jrt:///usr/lib/jvm/java-1.21.0-openjdk-amd64!/jdk.attach" type="simple" />
            <root url="jrt:///usr/lib/jvm/java-1.21.0-openjdk-amd64!/jdk.charsets" type="simple" />
            <root url="jrt:///usr/lib/jvm/java-1.21.0-openjdk-amd64!/jdk.compiler" type="simple" />
            <root url="jrt:///usr/lib/jvm/java-1.21.0-openjdk-amd64!/jdk.crypto.cryptoki" type="simple" />
            <root url="jrt:///usr/lib/jvm/java-1.21.0-openjdk-amd64!/jdk.crypto.ec" type="simple" />
            <root url="jrt:///usr/lib/jvm/java-1.21.0-openjdk-amd64!/jdk.dynalink" type="simple" />
            <root url="jrt:///usr/lib/jvm/java-1.21.0-openjdk-amd64!/jdk.editpad" type="simple" />
            <root url="jrt:///usr/lib/jvm/java-1.21.0-openjdk-amd64!/jdk.hotspot.agent" type="simple" />
            <root url="jrt:///usr/lib/jvm/java-1.21.0-openjdk-amd64!/jdk.httpserver" type="simple" />
            <root url="jrt:///usr/lib/jvm/java-1.21.0-openjdk-amd64!/jdk.incubator.vector" type="simple" />
            <root url="jrt:///usr/lib/jvm/java-1.21.0-openjdk-amd64!/jdk.internal.ed" type="simple" />
            <root url="jrt:///usr/lib/jvm/java-1.21.0-openjdk-amd64!/jdk.internal.jvmstat" type="simple" />
            <root url="jrt:///usr/lib/jvm/java-1.21.0-openjdk-amd64!/jdk.internal.le" type="simple" />
            <root url="jrt:///usr/lib/jvm/java-1.21.0-openjdk-amd64!/jdk.internal.opt" type="simple" />
            <root url="jrt:///usr/lib/jvm/java-1.21.0-openjdk-amd64!/jdk.internal.vm.ci" type="simple" />
            <root url="jrt:///usr/lib/jvm/java-1.21.0-openjdk-amd64!/jdk.internal.vm.compiler" type="simple" />
            <root url="jrt:///usr/lib/jvm/java-1.21.0-openjdk-amd64!/jdk.internal.vm.compiler.management" type="simple" />
            <root url="jrt:///usr/lib/jvm/java-1.21.0-openjdk-amd64!/jdk.jartool" type="simple" />
            <root url="jrt:///usr/lib/jvm/java-1.21.0-openjdk-amd64!/jdk.javadoc" type="simple" />
            <root url="jrt:///usr/lib/jvm/java-1.21.0-openjdk-amd64!/jdk.jcmd" type="simple" />
            <root url="jrt:///usr/lib/jvm/java-1.21.0-openjdk-amd64!/jdk.jconsole" type="simple" />
            <root url="jrt:///usr/lib/jvm/java-1.21.0-openjdk-amd64!/jdk.jdeps" type="simple" />
            <root url="jrt:///usr/lib/jvm/java-1.21.0-openjdk-amd64!/jdk.jdi" type="simple" />
            <root url="jrt:///usr/lib/jvm/java-1.21.0-openjdk-amd64!/jdk.jdwp.agent" type="simple" />
            <root url="jrt:///usr/lib/jvm/java-1.21.0-openjdk-amd64!/jdk.jfr" type="simple" />
            <root url="jrt:///usr/lib/jvm/java-1.21.0-openjdk-amd64!/jdk.jlink" type="simple" />
            <root url="jrt:///usr/lib/jvm/java-1.21.0-openjdk-amd64!/jdk.jpackage" type="simple" />
            <root url="jrt:///usr/lib/jvm/java-1.21.0-openjdk-amd64!/jdk.jshell" type="simple" />
            <root url="jrt:///usr/lib/jvm/java-1.21.0-openjdk-amd64!/jdk.jsobject" type="simple" />
            <root url="jrt:///usr/lib/jvm/java-1.21.0-openjdk-amd64!/jdk.jstatd" type="simple" />
            <root url="jrt:///usr/lib/jvm/java-1.21.0-openjdk-amd64!/jdk.localedata" type="simple" />
            <root url="jrt:///usr/lib/jvm/java-1.21.0-openjdk-amd64!/jdk.management" type="simple" />
            <root url="jrt:///usr/lib/jvm/java-1.21.0-openjdk-amd64!/jdk.management.agent" type="simple" />
            <root url="jrt:///usr/lib/jvm/java-1.21.0-openjdk-amd64!/jdk.management.jfr" type="simple" />
            <root url="jrt:///usr/lib/jvm/java-1.21.0-openjdk-amd64!/jdk.naming.dns" type="simple" />
            <root url="jrt:///usr/lib/jvm/java-1.21.0-openjdk-amd64!/jdk.naming.rmi" type="simple" />
            <root url="jrt:///usr/lib/jvm/java-1.21.0-openjdk-amd64!/jdk.net" type="simple" />
            <root url="jrt:///usr/lib/jvm/java-1.21.0-openjdk-amd64!/jdk.nio.mapmode" type="simple" />
            <root url="jrt:///usr/lib/jvm/java-1.21.0-openjdk-amd64!/jdk.random" type="simple" />
            <root url="jrt:///usr/lib/jvm/java-1.21.0-openjdk-amd64!/jdk.sctp" type="simple" />
            <root url="jrt:///usr/lib/jvm/java-1.21.0-openjdk-amd64!/jdk.security.auth" type="simple" />
            <root url="jrt:///usr/lib/jvm/java-1.21.0-openjdk-amd64!/jdk.security.jgss" type="simple" />
            <root url="jrt:///usr/lib/jvm/java-1.21.0-openjdk-amd64!/jdk.unsupported" type="simple" />
            <root url="jrt:///usr/lib/jvm/java-1.21.0-openjdk-amd64!/jdk.unsupported.desktop" type="simple" />
            <root url="jrt:///usr/lib/jvm/java-1.21.0-openjdk-amd64!/jdk.xml.dom" type="simple" />
            <root url="jrt:///usr/lib/jvm/java-1.21.0-openjdk-amd64!/jdk.zipfs" type="simple" />
          </root>
        </classPath>
        <javadocPath>
          <root type="composite">
            <root url="https://docs.oracle.com/en/java/javase/21/docs/api/" type="simple" />
          </root>
        </javadocPath>
        <sourcePath>
          <root type="composite" />
        </sourcePath>
      </roots>
    </jdk>
    <jdk version="2">
      <name value="21 (2)" />
      <type value="JavaSDK" />
      <version value="21.0.4" />
      <homePath value="/usr/lib/jvm/java-21-openjdk-amd64" />
      <roots>
        <annotationsPath>
          <root type="composite">
            <root url="jar://$APPLICATION_HOME_DIR$/plugins/java/lib/resources/jdkAnnotations.jar!/" type="simple" />
          </root>
        </annotationsPath>
        <classPath>
          <root type="composite">
            <root url="jrt:///usr/lib/jvm/java-21-openjdk-amd64!/java.base" type="simple" />
            <root url="jrt:///usr/lib/jvm/java-21-openjdk-amd64!/java.compiler" type="simple" />
            <root url="jrt:///usr/lib/jvm/java-21-openjdk-amd64!/java.datatransfer" type="simple" />
            <root url="jrt:///usr/lib/jvm/java-21-openjdk-amd64!/java.desktop" type="simple" />
            <root url="jrt:///usr/lib/jvm/java-21-openjdk-amd64!/java.instrument" type="simple" />
            <root url="jrt:///usr/lib/jvm/java-21-openjdk-amd64!/java.logging" type="simple" />
            <root url="jrt:///usr/lib/jvm/java-21-openjdk-amd64!/java.management" type="simple" />
            <root url="jrt:///usr/lib/jvm/java-21-openjdk-amd64!/java.management.rmi" type="simple" />
            <root url="jrt:///usr/lib/jvm/java-21-openjdk-amd64!/java.naming" type="simple" />
            <root url="jrt:///usr/lib/jvm/java-21-openjdk-amd64!/java.net.http" type="simple" />
            <root url="jrt:///usr/lib/jvm/java-21-openjdk-amd64!/java.prefs" type="simple" />
            <root url="jrt:///usr/lib/jvm/java-21-openjdk-amd64!/java.rmi" type="simple" />
            <root url="jrt:///usr/lib/jvm/java-21-openjdk-amd64!/java.scripting" type="simple" />
            <root url="jrt:///usr/lib/jvm/java-21-openjdk-amd64!/java.se" type="simple" />
            <root url="jrt:///usr/lib/jvm/java-21-openjdk-amd64!/java.security.jgss" type="simple" />
            <root url="jrt:///usr/lib/jvm/java-21-openjdk-amd64!/java.security.sasl" type="simple" />
            <root url="jrt:///usr/lib/jvm/java-21-openjdk-amd64!/java.smartcardio" type="simple" />
            <root url="jrt:///usr/lib/jvm/java-21-openjdk-amd64!/java.sql" type="simple" />
            <root url="jrt:///usr/lib/jvm/java-21-openjdk-amd64!/java.sql.rowset" type="simple" />
            <root url="jrt:///usr/lib/jvm/java-21-openjdk-amd64!/java.transaction.xa" type="simple" />
            <root url="jrt:///usr/lib/jvm/java-21-openjdk-amd64!/java.xml" type="simple" />
            <root url="jrt:///usr/lib/jvm/java-21-openjdk-amd64!/java.xml.crypto" type="simple" />
            <root url="jrt:///usr/lib/jvm/java-21-openjdk-amd64!/jdk.accessibility" type="simple" />
            <root url="jrt:///usr/lib/jvm/java-21-openjdk-amd64!/jdk.attach" type="simple" />
            <root url="jrt:///usr/lib/jvm/java-21-openjdk-amd64!/jdk.charsets" type="simple" />
            <root url="jrt:///usr/lib/jvm/java-21-openjdk-amd64!/jdk.compiler" type="simple" />
            <root url="jrt:///usr/lib/jvm/java-21-openjdk-amd64!/jdk.crypto.cryptoki" type="simple" />
            <root url="jrt:///usr/lib/jvm/java-21-openjdk-amd64!/jdk.crypto.ec" type="simple" />
            <root url="jrt:///usr/lib/jvm/java-21-openjdk-amd64!/jdk.dynalink" type="simple" />
            <root url="jrt:///usr/lib/jvm/java-21-openjdk-amd64!/jdk.editpad" type="simple" />
            <root url="jrt:///usr/lib/jvm/java-21-openjdk-amd64!/jdk.hotspot.agent" type="simple" />
            <root url="jrt:///usr/lib/jvm/java-21-openjdk-amd64!/jdk.httpserver" type="simple" />
            <root url="jrt:///usr/lib/jvm/java-21-openjdk-amd64!/jdk.incubator.vector" type="simple" />
            <root url="jrt:///usr/lib/jvm/java-21-openjdk-amd64!/jdk.internal.ed" type="simple" />
            <root url="jrt:///usr/lib/jvm/java-21-openjdk-amd64!/jdk.internal.jvmstat" type="simple" />
            <root url="jrt:///usr/lib/jvm/java-21-openjdk-amd64!/jdk.internal.le" type="simple" />
            <root url="jrt:///usr/lib/jvm/java-21-openjdk-amd64!/jdk.internal.opt" type="simple" />
            <root url="jrt:///usr/lib/jvm/java-21-openjdk-amd64!/jdk.internal.vm.ci" type="simple" />
            <root url="jrt:///usr/lib/jvm/java-21-openjdk-amd64!/jdk.internal.vm.compiler" type="simple" />
            <root url="jrt:///usr/lib/jvm/java-21-openjdk-amd64!/jdk.internal.vm.compiler.management" type="simple" />
            <root url="jrt:///usr/lib/jvm/java-21-openjdk-amd64!/jdk.jartool" type="simple" />
            <root url="jrt:///usr/lib/jvm/java-21-openjdk-amd64!/jdk.javadoc" type="simple" />
            <root url="jrt:///usr/lib/jvm/java-21-openjdk-amd64!/jdk.jcmd" type="simple" />
            <root url="jrt:///usr/lib/jvm/java-21-openjdk-amd64!/jdk.jconsole" type="simple" />
            <root url="jrt:///usr/lib/jvm/java-21-openjdk-amd64!/jdk.jdeps" type="simple" />
            <root url="jrt:///usr/lib/jvm/java-21-openjdk-amd64!/jdk.jdi" type="simple" />
            <root url="jrt:///usr/lib/jvm/java-21-openjdk-amd64!/jdk.jdwp.agent" type="simple" />
            <root url="jrt:///usr/lib/jvm/java-21-openjdk-amd64!/jdk.jfr" type="simple" />
            <root url="jrt:///usr/lib/jvm/java-21-openjdk-amd64!/jdk.jlink" type="simple" />
            <root url="jrt:///usr/lib/jvm/java-21-openjdk-amd64!/jdk.jpackage" type="simple" />
            <root url="jrt:///usr/lib/jvm/java-21-openjdk-amd64!/jdk.jshell" type="simple" />
            <root url="jrt:///usr/lib/jvm/java-21-openjdk-amd64!/jdk.jsobject" type="simple" />
            <root url="jrt:///usr/lib/jvm/java-21-openjdk-amd64!/jdk.jstatd" type="simple" />
            <root url="jrt:///usr/lib/jvm/java-21-openjdk-amd64!/jdk.localedata" type="simple" />
            <root url="jrt:///usr/lib/jvm/java-21-openjdk-amd64!/jdk.management" type="simple" />
            <root url="jrt:///usr/lib/jvm/java-21-openjdk-amd64!/jdk.management.agent" type="simple" />
            <root url="jrt:///usr/lib/jvm/java-21-openjdk-amd64!/jdk.management.jfr" type="simple" />
            <root url="jrt:///usr/lib/jvm/java-21-openjdk-amd64!/jdk.naming.dns" type="simple" />
            <root url="jrt:///usr/lib/jvm/java-21-openjdk-amd64!/jdk.naming.rmi" type="simple" />
            <root url="jrt:///usr/lib/jvm/java-21-openjdk-amd64!/jdk.net" type="simple" />
            <root url="jrt:///usr/lib/jvm/java-21-openjdk-amd64!/jdk.nio.mapmode" type="simple" />
            <root url="jrt:///usr/lib/jvm/java-21-openjdk-amd64!/jdk.random" type="simple" />
            <root url="jrt:///usr/lib/jvm/java-21-openjdk-amd64!/jdk.sctp" type="simple" />
            <root url="jrt:///usr/lib/jvm/java-21-openjdk-amd64!/jdk.security.auth" type="simple" />
            <root url="jrt:///usr/lib/jvm/java-21-openjdk-amd64!/jdk.security.jgss" type="simple" />
            <root url="jrt:///usr/lib/jvm/java-21-openjdk-amd64!/jdk.unsupported" type="simple" />
            <root url="jrt:///usr/lib/jvm/java-21-openjdk-amd64!/jdk.unsupported.desktop" type="simple" />
            <root url="jrt:///usr/lib/jvm/java-21-openjdk-amd64!/jdk.xml.dom" type="simple" />
            <root url="jrt:///usr/lib/jvm/java-21-openjdk-amd64!/jdk.zipfs" type="simple" />
          </root>
        </classPath>
        <javadocPath>
          <root type="composite" />
        </javadocPath>
        <sourcePath>
          <root type="composite" />
        </sourcePath>
      </roots>
    </jdk>
    <jdk version="2">
      <name value="Android API 30 Platform" />
      <type value="Android SDK" />
      <homePath value="$USER_HOME$/Android/Sdk" />
      <roots>
        <annotationsPath>
          <root type="composite">
            <root url="jar://$USER_HOME$/Android/Sdk/platforms/android-30/data/annotations.zip!/" type="simple" />
          </root>
        </annotationsPath>
        <classPath>
          <root type="composite">
            <root url="jar://$USER_HOME$/Android/Sdk/platforms/android-30/android.jar!/" type="simple" />
            <root url="file://$USER_HOME$/Android/Sdk/platforms/android-30/data/res" type="simple" />
          </root>
        </classPath>
        <javadocPath>
          <root type="composite">
            <root url="http://developer.android.com/reference/" type="simple" />
          </root>
        </javadocPath>
        <sourcePath>
          <root type="composite" />
        </sourcePath>
      </roots>
      <additional sdk="android-30" />
    </jdk>
    <jdk version="2">
      <name value="Android API 34, extension level 7 Platform" />
      <type value="Android SDK" />
      <homePath value="$USER_HOME$/Android/Sdk" />
      <roots>
        <annotationsPath>
          <root type="composite">
            <root url="jar://$USER_HOME$/Android/Sdk/platforms/android-34/data/annotations.zip!/" type="simple" />
          </root>
        </annotationsPath>
        <classPath>
          <root type="composite">
            <root url="jar://$USER_HOME$/Android/Sdk/platforms/android-34/android.jar!/" type="simple" />
            <root url="file://$USER_HOME$/Android/Sdk/platforms/android-34/data/res" type="simple" />
          </root>
        </classPath>
        <javadocPath>
          <root type="composite">
            <root url="http://developer.android.com/reference/" type="simple" />
          </root>
        </javadocPath>
        <sourcePath>
          <root type="composite" />
        </sourcePath>
      </roots>
      <additional sdk="android-34" />
    </jdk>
    <jdk version="2">
      <name value="Android API 35, extension level 13 Platform" />
      <type value="Android SDK" />
      <homePath value="$USER_HOME$/Android/Sdk" />
      <roots>
        <annotationsPath>
          <root type="composite">
            <root url="jar://$USER_HOME$/Android/Sdk/platforms/android-35/data/annotations.zip!/" type="simple" />
          </root>
        </annotationsPath>
        <classPath>
          <root type="composite">
            <root url="jar://$USER_HOME$/Android/Sdk/platforms/android-35/android.jar!/" type="simple" />
            <root url="file://$USER_HOME$/Android/Sdk/platforms/android-35/data/res" type="simple" />
          </root>
        </classPath>
        <javadocPath>
          <root type="composite" />
        </javadocPath>
        <sourcePath>
          <root type="composite">
            <root url="file://$USER_HOME$/Android/Sdk/sources/android-35" type="simple" />
          </root>
        </sourcePath>
      </roots>
      <additional sdk="android-35" />
    </jdk>
    <jdk version="2">
      <name value="17" />
      <type value="JavaSDK" />
      <version value="java version &quot;17.0.13&quot;" />
      <homePath value="/usr/lib/jvm/java-1.17.0-openjdk-amd64" />
      <roots>
        <annotationsPath>
          <root type="composite">
            <root url="jar://$APPLICATION_HOME_DIR$/plugins/java/lib/resources/jdkAnnotations.jar!/" type="simple" />
          </root>
        </annotationsPath>
        <classPath>
          <root type="composite">
            <root url="jrt:///usr/lib/jvm/java-1.17.0-openjdk-amd64!/java.base" type="simple" />
            <root url="jrt:///usr/lib/jvm/java-1.17.0-openjdk-amd64!/java.compiler" type="simple" />
            <root url="jrt:///usr/lib/jvm/java-1.17.0-openjdk-amd64!/java.datatransfer" type="simple" />
            <root url="jrt:///usr/lib/jvm/java-1.17.0-openjdk-amd64!/java.desktop" type="simple" />
            <root url="jrt:///usr/lib/jvm/java-1.17.0-openjdk-amd64!/java.instrument" type="simple" />
            <root url="jrt:///usr/lib/jvm/java-1.17.0-openjdk-amd64!/java.logging" type="simple" />
            <root url="jrt:///usr/lib/jvm/java-1.17.0-openjdk-amd64!/java.management" type="simple" />
            <root url="jrt:///usr/lib/jvm/java-1.17.0-openjdk-amd64!/java.management.rmi" type="simple" />
            <root url="jrt:///usr/lib/jvm/java-1.17.0-openjdk-amd64!/java.naming" type="simple" />
            <root url="jrt:///usr/lib/jvm/java-1.17.0-openjdk-amd64!/java.net.http" type="simple" />
            <root url="jrt:///usr/lib/jvm/java-1.17.0-openjdk-amd64!/java.prefs" type="simple" />
            <root url="jrt:///usr/lib/jvm/java-1.17.0-openjdk-amd64!/java.rmi" type="simple" />
            <root url="jrt:///usr/lib/jvm/java-1.17.0-openjdk-amd64!/java.scripting" type="simple" />
            <root url="jrt:///usr/lib/jvm/java-1.17.0-openjdk-amd64!/java.se" type="simple" />
            <root url="jrt:///usr/lib/jvm/java-1.17.0-openjdk-amd64!/java.security.jgss" type="simple" />
            <root url="jrt:///usr/lib/jvm/java-1.17.0-openjdk-amd64!/java.security.sasl" type="simple" />
            <root url="jrt:///usr/lib/jvm/java-1.17.0-openjdk-amd64!/java.smartcardio" type="simple" />
            <root url="jrt:///usr/lib/jvm/java-1.17.0-openjdk-amd64!/java.sql" type="simple" />
            <root url="jrt:///usr/lib/jvm/java-1.17.0-openjdk-amd64!/java.sql.rowset" type="simple" />
            <root url="jrt:///usr/lib/jvm/java-1.17.0-openjdk-amd64!/java.transaction.xa" type="simple" />
            <root url="jrt:///usr/lib/jvm/java-1.17.0-openjdk-amd64!/java.xml" type="simple" />
            <root url="jrt:///usr/lib/jvm/java-1.17.0-openjdk-amd64!/java.xml.crypto" type="simple" />
            <root url="jrt:///usr/lib/jvm/java-1.17.0-openjdk-amd64!/jdk.accessibility" type="simple" />
            <root url="jrt:///usr/lib/jvm/java-1.17.0-openjdk-amd64!/jdk.attach" type="simple" />
            <root url="jrt:///usr/lib/jvm/java-1.17.0-openjdk-amd64!/jdk.charsets" type="simple" />
            <root url="jrt:///usr/lib/jvm/java-1.17.0-openjdk-amd64!/jdk.compiler" type="simple" />
            <root url="jrt:///usr/lib/jvm/java-1.17.0-openjdk-amd64!/jdk.crypto.cryptoki" type="simple" />
            <root url="jrt:///usr/lib/jvm/java-1.17.0-openjdk-amd64!/jdk.crypto.ec" type="simple" />
            <root url="jrt:///usr/lib/jvm/java-1.17.0-openjdk-amd64!/jdk.dynalink" type="simple" />
            <root url="jrt:///usr/lib/jvm/java-1.17.0-openjdk-amd64!/jdk.editpad" type="simple" />
            <root url="jrt:///usr/lib/jvm/java-1.17.0-openjdk-amd64!/jdk.hotspot.agent" type="simple" />
            <root url="jrt:///usr/lib/jvm/java-1.17.0-openjdk-amd64!/jdk.httpserver" type="simple" />
            <root url="jrt:///usr/lib/jvm/java-1.17.0-openjdk-amd64!/jdk.incubator.foreign" type="simple" />
            <root url="jrt:///usr/lib/jvm/java-1.17.0-openjdk-amd64!/jdk.incubator.vector" type="simple" />
            <root url="jrt:///usr/lib/jvm/java-1.17.0-openjdk-amd64!/jdk.internal.ed" type="simple" />
            <root url="jrt:///usr/lib/jvm/java-1.17.0-openjdk-amd64!/jdk.internal.jvmstat" type="simple" />
            <root url="jrt:///usr/lib/jvm/java-1.17.0-openjdk-amd64!/jdk.internal.le" type="simple" />
            <root url="jrt:///usr/lib/jvm/java-1.17.0-openjdk-amd64!/jdk.internal.opt" type="simple" />
            <root url="jrt:///usr/lib/jvm/java-1.17.0-openjdk-amd64!/jdk.internal.vm.ci" type="simple" />
            <root url="jrt:///usr/lib/jvm/java-1.17.0-openjdk-amd64!/jdk.internal.vm.compiler" type="simple" />
            <root url="jrt:///usr/lib/jvm/java-1.17.0-openjdk-amd64!/jdk.internal.vm.compiler.management" type="simple" />
            <root url="jrt:///usr/lib/jvm/java-1.17.0-openjdk-amd64!/jdk.jartool" type="simple" />
            <root url="jrt:///usr/lib/jvm/java-1.17.0-openjdk-amd64!/jdk.javadoc" type="simple" />
            <root url="jrt:///usr/lib/jvm/java-1.17.0-openjdk-amd64!/jdk.jcmd" type="simple" />
            <root url="jrt:///usr/lib/jvm/java-1.17.0-openjdk-amd64!/jdk.jconsole" type="simple" />
            <root url="jrt:///usr/lib/jvm/java-1.17.0-openjdk-amd64!/jdk.jdeps" type="simple" />
            <root url="jrt:///usr/lib/jvm/java-1.17.0-openjdk-amd64!/jdk.jdi" type="simple" />
            <root url="jrt:///usr/lib/jvm/java-1.17.0-openjdk-amd64!/jdk.jdwp.agent" type="simple" />
            <root url="jrt:///usr/lib/jvm/java-1.17.0-openjdk-amd64!/jdk.jfr" type="simple" />
            <root url="jrt:///usr/lib/jvm/java-1.17.0-openjdk-amd64!/jdk.jlink" type="simple" />
            <root url="jrt:///usr/lib/jvm/java-1.17.0-openjdk-amd64!/jdk.jpackage" type="simple" />
            <root url="jrt:///usr/lib/jvm/java-1.17.0-openjdk-amd64!/jdk.jshell" type="simple" />
            <root url="jrt:///usr/lib/jvm/java-1.17.0-openjdk-amd64!/jdk.jsobject" type="simple" />
            <root url="jrt:///usr/lib/jvm/java-1.17.0-openjdk-amd64!/jdk.jstatd" type="simple" />
            <root url="jrt:///usr/lib/jvm/java-1.17.0-openjdk-amd64!/jdk.localedata" type="simple" />
            <root url="jrt:///usr/lib/jvm/java-1.17.0-openjdk-amd64!/jdk.management" type="simple" />
            <root url="jrt:///usr/lib/jvm/java-1.17.0-openjdk-amd64!/jdk.management.agent" type="simple" />
            <root url="jrt:///usr/lib/jvm/java-1.17.0-openjdk-amd64!/jdk.management.jfr" type="simple" />
            <root url="jrt:///usr/lib/jvm/java-1.17.0-openjdk-amd64!/jdk.naming.dns" type="simple" />
            <root url="jrt:///usr/lib/jvm/java-1.17.0-openjdk-amd64!/jdk.naming.rmi" type="simple" />
            <root url="jrt:///usr/lib/jvm/java-1.17.0-openjdk-amd64!/jdk.net" type="simple" />
            <root url="jrt:///usr/lib/jvm/java-1.17.0-openjdk-amd64!/jdk.nio.mapmode" type="simple" />
            <root url="jrt:///usr/lib/jvm/java-1.17.0-openjdk-amd64!/jdk.random" type="simple" />
            <root url="jrt:///usr/lib/jvm/java-1.17.0-openjdk-amd64!/jdk.sctp" type="simple" />
            <root url="jrt:///usr/lib/jvm/java-1.17.0-openjdk-amd64!/jdk.security.auth" type="simple" />
            <root url="jrt:///usr/lib/jvm/java-1.17.0-openjdk-amd64!/jdk.security.jgss" type="simple" />
            <root url="jrt:///usr/lib/jvm/java-1.17.0-openjdk-amd64!/jdk.unsupported" type="simple" />
            <root url="jrt:///usr/lib/jvm/java-1.17.0-openjdk-amd64!/jdk.unsupported.desktop" type="simple" />
            <root url="jrt:///usr/lib/jvm/java-1.17.0-openjdk-amd64!/jdk.xml.dom" type="simple" />
            <root url="jrt:///usr/lib/jvm/java-1.17.0-openjdk-amd64!/jdk.zipfs" type="simple" />
          </root>
        </classPath>
        <javadocPath>
          <root type="composite">
            <root url="https://docs.oracle.com/en/java/javase/17/docs/api/" type="simple" />
          </root>
        </javadocPath>
        <sourcePath>
          <root type="composite" />
        </sourcePath>
      </roots>
    </jdk>
    <jdk version="2">
      <name value="Android API 31 Platform" />
      <type value="Android SDK" />
      <homePath value="$USER_HOME$/Android/Sdk" />
      <roots>
        <annotationsPath>
          <root type="composite">
            <root url="jar://$USER_HOME$/Android/Sdk/platforms/android-31/data/annotations.zip!/" type="simple" />
          </root>
        </annotationsPath>
        <classPath>
          <root type="composite">
            <root url="jar://$USER_HOME$/Android/Sdk/platforms/android-31/android.jar!/" type="simple" />
            <root url="file://$USER_HOME$/Android/Sdk/platforms/android-31/data/res" type="simple" />
          </root>
        </classPath>
        <javadocPath>
          <root type="composite">
            <root url="http://developer.android.com/reference/" type="simple" />
          </root>
        </javadocPath>
        <sourcePath>
          <root type="composite" />
        </sourcePath>
      </roots>
      <additional sdk="android-31" />
    </jdk>
    <jdk version="2">
      <name value="Android API 33, extension level 3 Platform" />
      <type value="Android SDK" />
      <homePath value="$USER_HOME$/Android/Sdk" />
      <roots>
        <annotationsPath>
          <root type="composite">
            <root url="jar://$USER_HOME$/Android/Sdk/platforms/android-33/data/annotations.zip!/" type="simple" />
          </root>
        </annotationsPath>
        <classPath>
          <root type="composite">
            <root url="jar://$USER_HOME$/Android/Sdk/platforms/android-33/android.jar!/" type="simple" />
            <root url="file://$USER_HOME$/Android/Sdk/platforms/android-33/data/res" type="simple" />
          </root>
        </classPath>
        <javadocPath>
          <root type="composite" />
        </javadocPath>
        <sourcePath>
          <root type="composite">
            <root url="file://$USER_HOME$/Android/Sdk/sources/android-33" type="simple" />
          </root>
        </sourcePath>
      </roots>
      <additional sdk="android-33" />
    </jdk>
    <jdk version="2">
      <name value="17 (2)" />
      <type value="JavaSDK" />
      <version value="17.0.14" />
      <homePath value="/usr/lib/jvm/java-17-openjdk-amd64" />
      <roots>
        <annotationsPath>
          <root type="composite">
            <root url="jar://$APPLICATION_HOME_DIR$/plugins/java/lib/resources/jdkAnnotations.jar!/" type="simple" />
          </root>
        </annotationsPath>
        <classPath>
          <root type="composite">
            <root url="jrt:///usr/lib/jvm/java-17-openjdk-amd64!/java.base" type="simple" />
            <root url="jrt:///usr/lib/jvm/java-17-openjdk-amd64!/java.compiler" type="simple" />
            <root url="jrt:///usr/lib/jvm/java-17-openjdk-amd64!/java.datatransfer" type="simple" />
            <root url="jrt:///usr/lib/jvm/java-17-openjdk-amd64!/java.desktop" type="simple" />
            <root url="jrt:///usr/lib/jvm/java-17-openjdk-amd64!/java.instrument" type="simple" />
            <root url="jrt:///usr/lib/jvm/java-17-openjdk-amd64!/java.logging" type="simple" />
            <root url="jrt:///usr/lib/jvm/java-17-openjdk-amd64!/java.management" type="simple" />
            <root url="jrt:///usr/lib/jvm/java-17-openjdk-amd64!/java.management.rmi" type="simple" />
            <root url="jrt:///usr/lib/jvm/java-17-openjdk-amd64!/java.naming" type="simple" />
            <root url="jrt:///usr/lib/jvm/java-17-openjdk-amd64!/java.net.http" type="simple" />
            <root url="jrt:///usr/lib/jvm/java-17-openjdk-amd64!/java.prefs" type="simple" />
            <root url="jrt:///usr/lib/jvm/java-17-openjdk-amd64!/java.rmi" type="simple" />
            <root url="jrt:///usr/lib/jvm/java-17-openjdk-amd64!/java.scripting" type="simple" />
            <root url="jrt:///usr/lib/jvm/java-17-openjdk-amd64!/java.se" type="simple" />
            <root url="jrt:///usr/lib/jvm/java-17-openjdk-amd64!/java.security.jgss" type="simple" />
            <root url="jrt:///usr/lib/jvm/java-17-openjdk-amd64!/java.security.sasl" type="simple" />
            <root url="jrt:///usr/lib/jvm/java-17-openjdk-amd64!/java.smartcardio" type="simple" />
            <root url="jrt:///usr/lib/jvm/java-17-openjdk-amd64!/java.sql" type="simple" />
            <root url="jrt:///usr/lib/jvm/java-17-openjdk-amd64!/java.sql.rowset" type="simple" />
            <root url="jrt:///usr/lib/jvm/java-17-openjdk-amd64!/java.transaction.xa" type="simple" />
            <root url="jrt:///usr/lib/jvm/java-17-openjdk-amd64!/java.xml" type="simple" />
            <root url="jrt:///usr/lib/jvm/java-17-openjdk-amd64!/java.xml.crypto" type="simple" />
            <root url="jrt:///usr/lib/jvm/java-17-openjdk-amd64!/jdk.accessibility" type="simple" />
            <root url="jrt:///usr/lib/jvm/java-17-openjdk-amd64!/jdk.attach" type="simple" />
            <root url="jrt:///usr/lib/jvm/java-17-openjdk-amd64!/jdk.charsets" type="simple" />
            <root url="jrt:///usr/lib/jvm/java-17-openjdk-amd64!/jdk.compiler" type="simple" />
            <root url="jrt:///usr/lib/jvm/java-17-openjdk-amd64!/jdk.crypto.cryptoki" type="simple" />
            <root url="jrt:///usr/lib/jvm/java-17-openjdk-amd64!/jdk.crypto.ec" type="simple" />
            <root url="jrt:///usr/lib/jvm/java-17-openjdk-amd64!/jdk.dynalink" type="simple" />
            <root url="jrt:///usr/lib/jvm/java-17-openjdk-amd64!/jdk.editpad" type="simple" />
            <root url="jrt:///usr/lib/jvm/java-17-openjdk-amd64!/jdk.hotspot.agent" type="simple" />
            <root url="jrt:///usr/lib/jvm/java-17-openjdk-amd64!/jdk.httpserver" type="simple" />
            <root url="jrt:///usr/lib/jvm/java-17-openjdk-amd64!/jdk.incubator.foreign" type="simple" />
            <root url="jrt:///usr/lib/jvm/java-17-openjdk-amd64!/jdk.incubator.vector" type="simple" />
            <root url="jrt:///usr/lib/jvm/java-17-openjdk-amd64!/jdk.internal.ed" type="simple" />
            <root url="jrt:///usr/lib/jvm/java-17-openjdk-amd64!/jdk.internal.jvmstat" type="simple" />
            <root url="jrt:///usr/lib/jvm/java-17-openjdk-amd64!/jdk.internal.le" type="simple" />
            <root url="jrt:///usr/lib/jvm/java-17-openjdk-amd64!/jdk.internal.opt" type="simple" />
            <root url="jrt:///usr/lib/jvm/java-17-openjdk-amd64!/jdk.internal.vm.ci" type="simple" />
            <root url="jrt:///usr/lib/jvm/java-17-openjdk-amd64!/jdk.internal.vm.compiler" type="simple" />
            <root url="jrt:///usr/lib/jvm/java-17-openjdk-amd64!/jdk.internal.vm.compiler.management" type="simple" />
            <root url="jrt:///usr/lib/jvm/java-17-openjdk-amd64!/jdk.jartool" type="simple" />
            <root url="jrt:///usr/lib/jvm/java-17-openjdk-amd64!/jdk.javadoc" type="simple" />
            <root url="jrt:///usr/lib/jvm/java-17-openjdk-amd64!/jdk.jcmd" type="simple" />
            <root url="jrt:///usr/lib/jvm/java-17-openjdk-amd64!/jdk.jconsole" type="simple" />
            <root url="jrt:///usr/lib/jvm/java-17-openjdk-amd64!/jdk.jdeps" type="simple" />
            <root url="jrt:///usr/lib/jvm/java-17-openjdk-amd64!/jdk.jdi" type="simple" />
            <root url="jrt:///usr/lib/jvm/java-17-openjdk-amd64!/jdk.jdwp.agent" type="simple" />
            <root url="jrt:///usr/lib/jvm/java-17-openjdk-amd64!/jdk.jfr" type="simple" />
            <root url="jrt:///usr/lib/jvm/java-17-openjdk-amd64!/jdk.jlink" type="simple" />
            <root url="jrt:///usr/lib/jvm/java-17-openjdk-amd64!/jdk.jpackage" type="simple" />
            <root url="jrt:///usr/lib/jvm/java-17-openjdk-amd64!/jdk.jshell" type="simple" />
            <root url="jrt:///usr/lib/jvm/java-17-openjdk-amd64!/jdk.jsobject" type="simple" />
            <root url="jrt:///usr/lib/jvm/java-17-openjdk-amd64!/jdk.jstatd" type="simple" />
            <root url="jrt:///usr/lib/jvm/java-17-openjdk-amd64!/jdk.localedata" type="simple" />
            <root url="jrt:///usr/lib/jvm/java-17-openjdk-amd64!/jdk.management" type="simple" />
            <root url="jrt:///usr/lib/jvm/java-17-openjdk-amd64!/jdk.management.agent" type="simple" />
            <root url="jrt:///usr/lib/jvm/java-17-openjdk-amd64!/jdk.management.jfr" type="simple" />
            <root url="jrt:///usr/lib/jvm/java-17-openjdk-amd64!/jdk.naming.dns" type="simple" />
            <root url="jrt:///usr/lib/jvm/java-17-openjdk-amd64!/jdk.naming.rmi" type="simple" />
            <root url="jrt:///usr/lib/jvm/java-17-openjdk-amd64!/jdk.net" type="simple" />
            <root url="jrt:///usr/lib/jvm/java-17-openjdk-amd64!/jdk.nio.mapmode" type="simple" />
            <root url="jrt:///usr/lib/jvm/java-17-openjdk-amd64!/jdk.random" type="simple" />
            <root url="jrt:///usr/lib/jvm/java-17-openjdk-amd64!/jdk.sctp" type="simple" />
            <root url="jrt:///usr/lib/jvm/java-17-openjdk-amd64!/jdk.security.auth" type="simple" />
            <root url="jrt:///usr/lib/jvm/java-17-openjdk-amd64!/jdk.security.jgss" type="simple" />
            <root url="jrt:///usr/lib/jvm/java-17-openjdk-amd64!/jdk.unsupported" type="simple" />
            <root url="jrt:///usr/lib/jvm/java-17-openjdk-amd64!/jdk.unsupported.desktop" type="simple" />
            <root url="jrt:///usr/lib/jvm/java-17-openjdk-amd64!/jdk.xml.dom" type="simple" />
            <root url="jrt:///usr/lib/jvm/java-17-openjdk-amd64!/jdk.zipfs" type="simple" />
          </root>
        </classPath>
        <javadocPath>
          <root type="composite" />
        </javadocPath>
        <sourcePath>
          <root type="composite" />
        </sourcePath>
      </roots>
    </jdk>
    <jdk version="2">
      <name value="Android API 25 Platform" />
      <type value="Android SDK" />
      <homePath value="$USER_HOME$/Android/Sdk" />
      <roots>
        <annotationsPath>
          <root type="composite" />
        </annotationsPath>
        <classPath>
          <root type="composite">
            <root url="jar://$USER_HOME$/Android/Sdk/platforms/android-25/android.jar!/" type="simple" />
            <root url="file://$USER_HOME$/Android/Sdk/platforms/android-25/data/res" type="simple" />
          </root>
        </classPath>
        <javadocPath>
          <root type="composite">
            <root url="http://developer.android.com/reference/" type="simple" />
          </root>
        </javadocPath>
        <sourcePath>
          <root type="composite" />
        </sourcePath>
      </roots>
      <additional sdk="android-25" />
    </jdk>
    <jdk version="2">
      <name value="Android API 29 Platform" />
      <type value="Android SDK" />
      <homePath value="$USER_HOME$/Android/Sdk" />
      <roots>
        <annotationsPath>
          <root type="composite">
            <root url="jar://$USER_HOME$/Android/Sdk/platforms/android-29/data/annotations.zip!/" type="simple" />
          </root>
        </annotationsPath>
        <classPath>
          <root type="composite">
            <root url="jar://$USER_HOME$/Android/Sdk/platforms/android-29/android.jar!/" type="simple" />
            <root url="file://$USER_HOME$/Android/Sdk/platforms/android-29/data/res" type="simple" />
          </root>
        </classPath>
        <javadocPath>
          <root type="composite">
            <root url="http://developer.android.com/reference/" type="simple" />
          </root>
        </javadocPath>
        <sourcePath>
          <root type="composite" />
        </sourcePath>
      </roots>
      <additional sdk="android-29" />
    </jdk>
  </component>
</application>