<application>
  <component name="BuildProcessSatisfactionSurveyStore">
    <option name="daysWithGradleBuilds" value="51" />
    <option name="firstKotlinGradleBuildTime" value="1720711173" />
    <option name="lastKotlinGradleBuildTime" value="1731512777" />
    <option name="nextCountedGradleBuild" value="1731599177" />
  </component>
  <component name="KotlinNewUserTracker">
    <option name="firstKtFileOpened" value="1701971284" />
    <option name="lastKtFileOpened" value="1731512645" />
    <option name="newKtUserSince" value="1701971284" />
  </component>
</application>