<application>
  <component name="BuildProcessSatisfactionSurveyStore">
    <option name="daysWithGradleBuilds" value="123" />
    <option name="firstKotlinGradleBuildTime" value="1720711173" />
    <option name="lastKotlinGradleBuildTime" value="1743708989" />
    <option name="nextCountedGradleBuild" value="1743783533" />
  </component>
  <component name="KotlinNewUserTracker">
    <option name="firstKtFileOpened" value="1701971284" />
    <option name="lastKtFileOpened" value="1743727567" />
    <option name="newKtUserSince" value="1701971284" />
  </component>
</application>