<application>
  <component name="ProjectManager">
    <defaultProject>
      <component name="PropertiesComponent">{
  &quot;keyToString&quot;: {
    &quot;settings.editor.selected.configurable&quot;: &quot;AndroidSdkUpdater&quot;
  }
}</component>
      <component name="WindowStateProjectService">
        <state x="403" y="294" key="SettingsEditor" timestamp="1678813520117">
          <screen x="0" y="0" width="2560" height="1278" />
        </state>
        <state x="403" y="294" key="SettingsEditor/0.0.2560.1278/2560.246.1920.1080" timestamp="1678813520117" />
        <state x="1822" y="331" key="SettingsEditor/1280.0.3440.1440/0.906.1280.800" timestamp="1675203566822" />
      </component>
    </defaultProject>
  </component>
</application>