<application>
  <component name="ProjectManager">
    <defaultProject>
      <component name="PropertiesComponent"><![CDATA[{
  "keyToString": {
    "settings.editor.selected.configurable": "preferences.lookFeel"
  }
}]]></component>
      <component name="VcsDirectoryMappings" defaultProject="true" />
      <component name="WindowStateProjectService">
        <state x="460" y="135" width="1001" height="730" key="SettingsEditor" timestamp="1729140517492">
          <screen x="0" y="0" width="1920" height="1152" />
        </state>
        <state x="460" y="135" width="1001" height="730" key="SettingsEditor/0.0.1920.1152" timestamp="1729140517492" />
      </component>
    </defaultProject>
  </component>
</application>