<application>
  <component name="ProjectManager">
    <defaultProject>
      <component name="PropertiesComponent">{
  &quot;keyToString&quot;: {
    &quot;settings.editor.selected.configurable&quot;: &quot;preferences.lookFeel&quot;
  }
}</component>
      <component name="VcsDirectoryMappings" defaultProject="true" />
      <component name="WindowStateProjectService">
        <state x="240" y="915" width="800" height="706" key="new project wizard" timestamp="1740699199249">
          <screen x="0" y="893" width="1280" height="800" />
        </state>
        <state x="240" y="915" width="800" height="706" key="new project wizard/1280.0.3440.1440/0.893.1280.800" timestamp="1740699199249" />
      </component>
    </defaultProject>
  </component>
</application>