<application>
  <component name="ProjectManager">
    <defaultProject>
      <component name="PropertiesComponent">{
  &quot;keyToString&quot;: {
    &quot;settings.editor.selected.configurable&quot;: &quot;reference.settings.grazie.pro.style.in.ai.assistant&quot;
  }
}</component>
      <component name="WindowStateProjectService">
        <state x="281" y="262" key="SettingsEditor" timestamp="1744857355243">
          <screen x="0" y="0" width="1920" height="1152" />
        </state>
        <state x="281" y="262" key="SettingsEditor/0.0.1920.1152" timestamp="1744857355243" />
        <state x="1783" y="327" key="SettingsEditor/1280.0.3440.1440/0.892.1280.800" timestamp="1744839875606" />
        <state x="240" y="915" width="800" height="706" key="new project wizard" timestamp="1740699199249">
          <screen x="0" y="893" width="1280" height="800" />
        </state>
        <state x="240" y="915" width="800" height="706" key="new project wizard/1280.0.3440.1440/0.893.1280.800" timestamp="1740699199249" />
      </component>
    </defaultProject>
  </component>
</application>