<application>
  <component name="DimensionService">
    <location key="find.popup.1280.0.3440.1440" x="2362" y="319" />
    <location key="find.popup.0.0.3840.2400@192dpi" x="368" y="386" />
    <location key="find.popup.0.0.2560.1440" x="731" y="286" />
    <location key="find.popup.0.872.1280.800" x="2076" y="135" />
    <location key="find.popup.2560.197.1920.1080" x="3504" y="316" />
    <location key="find.popup.2560.201.1920.1080" x="731" y="286" />
    <location key="find.popup.0.893.1280.800" x="1460" y="326" />
    <size key="find.popup.1280.0.3440.1440" width="1618" height="928" />
    <size key="GridCell.Tab.0.left.1280.0.3440.1440" width="1980" height="476" />
    <size key="GridCell.Tab.0.center.1280.0.3440.1440" width="1980" height="476" />
    <size key="GridCell.Tab.0.right.1280.0.3440.1440" width="1980" height="476" />
    <size key="GridCell.Tab.0.bottom.1280.0.3440.1440" width="1980" height="476" />
    <size key="GridCell.Tab.0.left.0.0.3840.2400@192dpi" width="3676" height="1356" />
    <size key="GridCell.Tab.0.center.0.0.3840.2400@192dpi" width="3676" height="1356" />
    <size key="GridCell.Tab.0.right.0.0.3840.2400@192dpi" width="3676" height="1356" />
    <size key="GridCell.Tab.0.bottom.0.0.3840.2400@192dpi" width="3676" height="1356" />
    <size key="find.popup.0.0.3840.2400@192dpi" width="2354" height="1484" />
    <size key="GridCell.Tab.1.left.1280.0.3440.1440" width="1980" height="417" />
    <size key="GridCell.Tab.1.center.1280.0.3440.1440" width="1980" height="417" />
    <size key="GridCell.Tab.1.right.1280.0.3440.1440" width="1980" height="417" />
    <size key="GridCell.Tab.1.bottom.1280.0.3440.1440" width="1980" height="417" />
    <size key="GridCell.Tab.1.left.0.872.1280.800" width="1980" height="417" />
    <size key="GridCell.Tab.1.center.0.872.1280.800" width="1980" height="417" />
    <size key="GridCell.Tab.1.right.0.872.1280.800" width="1980" height="417" />
    <size key="GridCell.Tab.1.bottom.0.872.1280.800" width="1980" height="417" />
    <size key="GridCell.Tab.0.left.0.872.1280.800" width="1980" height="417" />
    <size key="GridCell.Tab.0.center.0.872.1280.800" width="1980" height="417" />
    <size key="GridCell.Tab.0.right.0.872.1280.800" width="1980" height="417" />
    <size key="GridCell.Tab.0.bottom.0.872.1280.800" width="1980" height="417" />
    <size key="GridCell.Tab.1.left.0.0.3840.2400@192dpi" width="3960" height="834" />
    <size key="GridCell.Tab.1.center.0.0.3840.2400@192dpi" width="3960" height="834" />
    <size key="GridCell.Tab.1.right.0.0.3840.2400@192dpi" width="3960" height="834" />
    <size key="GridCell.Tab.1.bottom.0.0.3840.2400@192dpi" width="3960" height="834" />
    <size key="find.popup.0.0.2560.1440" width="649" height="576" />
    <size key="GridCell.Tab.0.left.0.0.2560.1440" width="1196" height="1059" />
    <size key="GridCell.Tab.0.center.0.0.2560.1440" width="1196" height="1059" />
    <size key="GridCell.Tab.0.right.0.0.2560.1440" width="1196" height="1059" />
    <size key="GridCell.Tab.0.bottom.0.0.2560.1440" width="1196" height="1059" />
    <size key="GridCell.Tab.0.left.2560.201.1920.1080" width="2478" height="578" />
    <size key="GridCell.Tab.0.center.2560.201.1920.1080" width="2478" height="578" />
    <size key="GridCell.Tab.0.right.2560.201.1920.1080" width="2478" height="578" />
    <size key="GridCell.Tab.0.bottom.2560.201.1920.1080" width="2478" height="578" />
    <size key="find.popup.0.872.1280.800" width="975" height="864" />
    <size key="find.popup.2560.197.1920.1080" width="649" height="576" />
    <size key="find.popup.2560.201.1920.1080" width="1362" height="1037" />
    <size key="find.popup.0.893.1280.800" width="2768" height="1392" />
    <size key="GridCell.Tab.0.left.0.892.1280.800" width="1980" height="489" />
    <size key="GridCell.Tab.0.center.0.892.1280.800" width="1980" height="489" />
    <size key="GridCell.Tab.0.right.0.892.1280.800" width="1980" height="489" />
    <size key="GridCell.Tab.0.bottom.0.892.1280.800" width="1980" height="489" />
    <size key="GridCell.Tab.0.left.0.893.1280.800" width="1980" height="563" />
    <size key="GridCell.Tab.0.center.0.893.1280.800" width="1980" height="563" />
    <size key="GridCell.Tab.0.right.0.893.1280.800" width="1980" height="563" />
    <size key="GridCell.Tab.0.bottom.0.893.1280.800" width="1980" height="563" />
    <size key="javadoc.popup.new.0.0.2560.1440" width="664" height="605" />
    <size key="GridCell.Tab.2.left.1280.0.3440.1440" width="1980" height="533" />
    <size key="GridCell.Tab.2.center.1280.0.3440.1440" width="1980" height="533" />
    <size key="GridCell.Tab.2.right.1280.0.3440.1440" width="1980" height="533" />
    <size key="GridCell.Tab.2.bottom.1280.0.3440.1440" width="1980" height="533" />
    <size key="GridCell.Tab.3.left.1280.0.3440.1440" width="1980" height="533" />
    <size key="GridCell.Tab.3.center.1280.0.3440.1440" width="1980" height="533" />
    <size key="GridCell.Tab.3.right.1280.0.3440.1440" width="1980" height="533" />
    <size key="GridCell.Tab.3.bottom.1280.0.3440.1440" width="1980" height="533" />
  </component>
  <component name="WindowManager">
    <frame x="260" y="76" width="1400" height="1000" extendedState="6" />
  </component>
  <component name="WindowStateApplicationService">
    <state x="623" y="250" width="620" height="672" key="FileChooserDialogImpl" timestamp="1743047724946">
      <screen x="0" y="0" width="1920" height="1152" />
    </state>
    <state x="623" y="250" width="723" height="578" key="FileChooserDialogImpl/0.0.1920.1152" timestamp="1743047724946" />
    <state x="2396" y="313" width="620" height="672" key="FileChooserDialogImpl/1280.0.3440.1440/0.892.1280.800" timestamp="1740414853752" />
    <state width="747" height="111" key="ShowUsagesActions.dimensionServiceKey" timestamp="1743716857280">
      <screen x="1280" y="0" width="3440" height="1440" />
    </state>
    <state width="693" height="135" key="ShowUsagesActions.dimensionServiceKey/0.0.1920.1152" timestamp="1743551788292" />
    <state width="604" height="183" key="ShowUsagesActions.dimensionServiceKey/0.0.2560.1440/2560.197.1920.1080" timestamp="1742250738642" />
    <state width="541" height="591" key="ShowUsagesActions.dimensionServiceKey/0.0.2560.1440/2560.201.1920.1080" timestamp="1743115948249" />
    <state width="747" height="111" key="ShowUsagesActions.dimensionServiceKey/1280.0.3440.1440/0.892.1280.800" timestamp="1743716857280" />
    <state width="591" height="187" key="ShowUsagesActions.dimensionServiceKey/1280.0.3440.1440/0.893.1280.800" timestamp="1743458461698" />
    <state x="959" y="512" width="1025" height="771" key="WELCOME_SCREEN" timestamp="1743727144413">
      <screen x="0" y="0" width="1920" height="1152" />
    </state>
    <state x="959" y="512" width="1025" height="771" key="WELCOME_SCREEN/0.0.1920.1152" timestamp="1743727144413" />
    <state x="1279" y="640" width="1367" height="964" key="WELCOME_SCREEN/0.0.2560.1440/2560.197.1920.1080" timestamp="1738971029068" />
    <state x="3519" y="684" width="1129" height="743" key="WELCOME_SCREEN/0.0.2560.1440/2560.201.1920.1080" timestamp="1743084247736" />
    <state x="2999" y="588" width="1043" height="650" key="WELCOME_SCREEN/1280.0.3440.1440/0.892.1280.800" timestamp="1743692044278" />
    <state x="3000" y="696" width="2050" height="1392" key="WELCOME_SCREEN/1280.0.3440.1440/0.893.1280.800" timestamp="1743002054308" />
  </component>
</application>