<application>
  <component name="DimensionService">
    <location key="find.popup.1280.0.3440.1440" x="2568" y="45" />
    <location key="find.popup.0.0.3840.2400@192dpi" x="888" y="216" />
    <location key="find.popup.0.0.2560.1440" x="959" y="45" />
    <location key="find.popup.0.872.1280.800" x="2076" y="135" />
    <size key="find.popup.1280.0.3440.1440" width="1667" height="1297" />
    <size key="GridCell.Tab.0.left.1280.0.3440.1440" width="1980" height="579" />
    <size key="GridCell.Tab.0.center.1280.0.3440.1440" width="1980" height="579" />
    <size key="GridCell.Tab.0.right.1280.0.3440.1440" width="1980" height="579" />
    <size key="GridCell.Tab.0.bottom.1280.0.3440.1440" width="1980" height="579" />
    <size key="GridCell.Tab.0.left.0.0.3840.2400@192dpi" width="3676" height="1102" />
    <size key="GridCell.Tab.0.center.0.0.3840.2400@192dpi" width="3676" height="1102" />
    <size key="GridCell.Tab.0.right.0.0.3840.2400@192dpi" width="3676" height="1102" />
    <size key="GridCell.Tab.0.bottom.0.0.3840.2400@192dpi" width="3676" height="1102" />
    <size key="find.popup.0.0.3840.2400@192dpi" width="2470" height="1384" />
    <size key="GridCell.Tab.1.left.1280.0.3440.1440" width="1980" height="417" />
    <size key="GridCell.Tab.1.center.1280.0.3440.1440" width="1980" height="417" />
    <size key="GridCell.Tab.1.right.1280.0.3440.1440" width="1980" height="417" />
    <size key="GridCell.Tab.1.bottom.1280.0.3440.1440" width="1980" height="417" />
    <size key="GridCell.Tab.1.left.0.872.1280.800" width="1980" height="417" />
    <size key="GridCell.Tab.1.center.0.872.1280.800" width="1980" height="417" />
    <size key="GridCell.Tab.1.right.0.872.1280.800" width="1980" height="417" />
    <size key="GridCell.Tab.1.bottom.0.872.1280.800" width="1980" height="417" />
    <size key="GridCell.Tab.0.left.0.872.1280.800" width="1980" height="417" />
    <size key="GridCell.Tab.0.center.0.872.1280.800" width="1980" height="417" />
    <size key="GridCell.Tab.0.right.0.872.1280.800" width="1980" height="417" />
    <size key="GridCell.Tab.0.bottom.0.872.1280.800" width="1980" height="417" />
    <size key="GridCell.Tab.1.left.0.0.3840.2400@192dpi" width="3960" height="834" />
    <size key="GridCell.Tab.1.center.0.0.3840.2400@192dpi" width="3960" height="834" />
    <size key="GridCell.Tab.1.right.0.0.3840.2400@192dpi" width="3960" height="834" />
    <size key="GridCell.Tab.1.bottom.0.0.3840.2400@192dpi" width="3960" height="834" />
    <size key="find.popup.0.0.2560.1440" width="1241" height="1297" />
    <size key="GridCell.Tab.0.left.0.0.2560.1440" width="2478" height="551" />
    <size key="GridCell.Tab.0.center.0.0.2560.1440" width="2478" height="551" />
    <size key="GridCell.Tab.0.right.0.0.2560.1440" width="2478" height="551" />
    <size key="GridCell.Tab.0.bottom.0.0.2560.1440" width="2478" height="551" />
    <size key="GridCell.Tab.0.left.2560.201.1920.1080" width="2478" height="675" />
    <size key="GridCell.Tab.0.center.2560.201.1920.1080" width="2478" height="675" />
    <size key="GridCell.Tab.0.right.2560.201.1920.1080" width="2478" height="675" />
    <size key="GridCell.Tab.0.bottom.2560.201.1920.1080" width="2478" height="675" />
    <size key="find.popup.0.872.1280.800" width="975" height="864" />
  </component>
  <component name="WindowManager">
    <frame x="1280" y="0" width="2064" height="1392" />
  </component>
  <component name="WindowStateApplicationService">
    <state x="2397" y="313" width="424" height="488" key="FileChooserDialogImpl" timestamp="1729179664067">
      <screen x="1280" y="0" width="3440" height="1440" />
    </state>
    <state x="1062" y="304" width="424" height="488" key="FileChooserDialogImpl/0.0.2560.1233/2560.201.1920.1080" timestamp="1729141043111" />
    <state x="2397" y="313" key="FileChooserDialogImpl/1280.0.3440.1440/0.872.1280.800" timestamp="1729179664067" />
    <state width="559" height="159" key="ShowUsagesActions.dimensionServiceKey" timestamp="1731454355817">
      <screen x="0" y="0" width="2560" height="1440" />
    </state>
    <state width="620" height="759" key="ShowUsagesActions.dimensionServiceKey/0.0.1920.1152" timestamp="1731440698737" />
    <state width="408" height="183" key="ShowUsagesActions.dimensionServiceKey/0.0.2560.1233/2560.201.1920.1080" timestamp="1730492420950" />
    <state width="591" height="135" key="ShowUsagesActions.dimensionServiceKey/0.0.2560.1392/2560.201.1920.1080" timestamp="1729888020915" />
    <state width="559" height="159" key="ShowUsagesActions.dimensionServiceKey/0.0.2560.1440/2560.201.1920.1080" timestamp="1731454355817" />
    <state width="670" height="159" key="ShowUsagesActions.dimensionServiceKey/1280.0.3440.1440/0.872.1280.800" timestamp="1730409707327" />
    <state width="565" height="135" key="ShowUsagesActions.dimensionServiceKey/1280.0.3440.1440/0.874.1280.800" timestamp="1730220810492" />
    <state width="744" height="135" key="ShowUsagesActions.dimensionServiceKey/1280.0.3440.1440/0.892.1280.800" timestamp="1730933168075" />
    <state width="430" height="183" key="ShowUsagesActions.dimensionServiceKey/1280.0.3440.1440/0.901.1280.800" timestamp="1730763906457" />
    <state x="2999" y="588" width="1043" height="650" key="WELCOME_SCREEN" timestamp="1731512624992">
      <screen x="1280" y="0" width="3440" height="1440" />
    </state>
    <state x="959" y="512" width="1025" height="771" key="WELCOME_SCREEN/0.0.1920.1152" timestamp="1731206019441" />
    <state x="1279" y="548" width="1367" height="826" key="WELCOME_SCREEN/0.0.2560.1233/2560.201.1920.1080" timestamp="1730481198490" />
    <state x="1279" y="640" width="1367" height="964" key="WELCOME_SCREEN/0.0.2560.1440/2560.201.1920.1080" timestamp="1731428004320" />
    <state x="2999" y="588" width="953" height="650" key="WELCOME_SCREEN/1280.0.3440.1440/0.872.1280.800" timestamp="1730386526890" />
    <state x="2490" y="752" width="818" height="650" key="WELCOME_SCREEN/1280.0.3440.1440/0.874.1280.800" timestamp="1730217613037" />
    <state x="2999" y="588" width="1043" height="650" key="WELCOME_SCREEN/1280.0.3440.1440/0.892.1280.800" timestamp="1731512624992" />
    <state x="2999" y="640" width="1837" height="965" key="WELCOME_SCREEN/1280.0.3440.1440/0.901.1280.800" timestamp="1730820985559" />
  </component>
</application>