<application>
  <component name="DimensionService">
    <location key="find.popup.1280.0.3440.1440" x="1531" y="172" />
    <location key="find.popup.0.0.3840.2400@192dpi" x="738" y="570" />
    <location key="find.popup.0.0.2560.1440" x="731" y="286" />
    <location key="find.popup.0.872.1280.800" x="2076" y="135" />
    <location key="find.popup.2560.197.1920.1080" x="3504" y="316" />
    <location key="find.popup.2560.201.1920.1080" x="731" y="286" />
    <location key="find.popup.0.893.1280.800" x="1903" y="285" />
    <location key="find.popup.0.0.7680.4800@192dpi" x="2560" y="0" />
    <size key="find.popup.1280.0.3440.1440" width="1730" height="1183" />
    <size key="GridCell.Tab.0.left.1280.0.3440.1440" width="1980" height="575" />
    <size key="GridCell.Tab.0.center.1280.0.3440.1440" width="1980" height="575" />
    <size key="GridCell.Tab.0.right.1280.0.3440.1440" width="1980" height="575" />
    <size key="GridCell.Tab.0.bottom.1280.0.3440.1440" width="1980" height="575" />
    <size key="GridCell.Tab.0.left.0.0.3840.2400@192dpi" width="3676" height="1024" />
    <size key="GridCell.Tab.0.center.0.0.3840.2400@192dpi" width="3676" height="1024" />
    <size key="GridCell.Tab.0.right.0.0.3840.2400@192dpi" width="3676" height="1024" />
    <size key="GridCell.Tab.0.bottom.0.0.3840.2400@192dpi" width="3676" height="1024" />
    <size key="find.popup.0.0.3840.2400@192dpi" width="2440" height="1484" />
    <size key="GridCell.Tab.1.left.1280.0.3440.1440" width="1980" height="557" />
    <size key="GridCell.Tab.1.center.1280.0.3440.1440" width="1980" height="557" />
    <size key="GridCell.Tab.1.right.1280.0.3440.1440" width="1980" height="557" />
    <size key="GridCell.Tab.1.bottom.1280.0.3440.1440" width="1980" height="557" />
    <size key="GridCell.Tab.1.left.0.872.1280.800" width="1980" height="417" />
    <size key="GridCell.Tab.1.center.0.872.1280.800" width="1980" height="417" />
    <size key="GridCell.Tab.1.right.0.872.1280.800" width="1980" height="417" />
    <size key="GridCell.Tab.1.bottom.0.872.1280.800" width="1980" height="417" />
    <size key="GridCell.Tab.0.left.0.872.1280.800" width="1980" height="417" />
    <size key="GridCell.Tab.0.center.0.872.1280.800" width="1980" height="417" />
    <size key="GridCell.Tab.0.right.0.872.1280.800" width="1980" height="417" />
    <size key="GridCell.Tab.0.bottom.0.872.1280.800" width="1980" height="417" />
    <size key="GridCell.Tab.1.left.0.0.3840.2400@192dpi" width="3960" height="834" />
    <size key="GridCell.Tab.1.center.0.0.3840.2400@192dpi" width="3960" height="834" />
    <size key="GridCell.Tab.1.right.0.0.3840.2400@192dpi" width="3960" height="834" />
    <size key="GridCell.Tab.1.bottom.0.0.3840.2400@192dpi" width="3960" height="834" />
    <size key="find.popup.0.0.2560.1440" width="1362" height="1037" />
    <size key="GridCell.Tab.0.left.0.0.2560.1440" width="2478" height="938" />
    <size key="GridCell.Tab.0.center.0.0.2560.1440" width="2478" height="938" />
    <size key="GridCell.Tab.0.right.0.0.2560.1440" width="2478" height="938" />
    <size key="GridCell.Tab.0.bottom.0.0.2560.1440" width="2478" height="938" />
    <size key="GridCell.Tab.0.left.2560.201.1920.1080" width="2478" height="938" />
    <size key="GridCell.Tab.0.center.2560.201.1920.1080" width="2478" height="938" />
    <size key="GridCell.Tab.0.right.2560.201.1920.1080" width="2478" height="938" />
    <size key="GridCell.Tab.0.bottom.2560.201.1920.1080" width="2478" height="938" />
    <size key="find.popup.0.872.1280.800" width="975" height="864" />
    <size key="find.popup.2560.197.1920.1080" width="649" height="576" />
    <size key="find.popup.2560.201.1920.1080" width="1362" height="1037" />
    <size key="find.popup.0.893.1280.800" width="1324" height="928" />
    <size key="GridCell.Tab.0.left.0.892.1280.800" width="1980" height="864" />
    <size key="GridCell.Tab.0.center.0.892.1280.800" width="1980" height="864" />
    <size key="GridCell.Tab.0.right.0.892.1280.800" width="1980" height="864" />
    <size key="GridCell.Tab.0.bottom.0.892.1280.800" width="1980" height="864" />
    <size key="GridCell.Tab.0.left.0.893.1280.800" width="1980" height="518" />
    <size key="GridCell.Tab.0.center.0.893.1280.800" width="1980" height="518" />
    <size key="GridCell.Tab.0.right.0.893.1280.800" width="1980" height="518" />
    <size key="GridCell.Tab.0.bottom.0.893.1280.800" width="1980" height="518" />
    <size key="javadoc.popup.new.0.0.2560.1440" width="664" height="605" />
    <size key="GridCell.Tab.2.left.1280.0.3440.1440" width="1980" height="533" />
    <size key="GridCell.Tab.2.center.1280.0.3440.1440" width="1980" height="533" />
    <size key="GridCell.Tab.2.right.1280.0.3440.1440" width="1980" height="533" />
    <size key="GridCell.Tab.2.bottom.1280.0.3440.1440" width="1980" height="533" />
    <size key="GridCell.Tab.3.left.1280.0.3440.1440" width="1980" height="533" />
    <size key="GridCell.Tab.3.center.1280.0.3440.1440" width="1980" height="533" />
    <size key="GridCell.Tab.3.right.1280.0.3440.1440" width="1980" height="533" />
    <size key="GridCell.Tab.3.bottom.1280.0.3440.1440" width="1980" height="533" />
    <size key="find.popup.0.0.7680.4800@192dpi" width="3864" height="2088" />
    <size key="GridCell.Tab.0.left.0.0.7680.4800@192dpi" width="3960" height="974" />
    <size key="GridCell.Tab.0.center.0.0.7680.4800@192dpi" width="3960" height="974" />
    <size key="GridCell.Tab.0.right.0.0.7680.4800@192dpi" width="3960" height="974" />
    <size key="GridCell.Tab.0.bottom.0.0.7680.4800@192dpi" width="3960" height="974" />
    <size key="GridCell.Tab.1.left.0.892.1280.800" width="1980" height="487" />
    <size key="GridCell.Tab.1.center.0.892.1280.800" width="1980" height="487" />
    <size key="GridCell.Tab.1.right.0.892.1280.800" width="1980" height="487" />
    <size key="GridCell.Tab.1.bottom.0.892.1280.800" width="1980" height="487" />
    <size key="GridCell.Tab.0.left.0.0.3840.2400" width="1980" height="459" />
    <size key="GridCell.Tab.0.center.0.0.3840.2400" width="1980" height="459" />
    <size key="GridCell.Tab.0.right.0.0.3840.2400" width="1980" height="459" />
    <size key="GridCell.Tab.0.bottom.0.0.3840.2400" width="1980" height="459" />
    <size key="GridCell.Tab.1.left.0.0.3840.2400" width="1980" height="487" />
    <size key="GridCell.Tab.1.center.0.0.3840.2400" width="1980" height="487" />
    <size key="GridCell.Tab.1.right.0.0.3840.2400" width="1980" height="487" />
    <size key="GridCell.Tab.1.bottom.0.0.3840.2400" width="1980" height="487" />
  </component>
  <component name="WindowManager">
    <frame x="1280" y="0" width="2064" height="1392" />
  </component>
  <component name="WindowStateApplicationService">
    <state x="623" y="250" width="620" height="672" key="FileChooserDialogImpl" timestamp="1748098595196">
      <screen x="0" y="0" width="1920" height="1152" />
    </state>
    <state x="623" y="250" width="723" height="578" key="FileChooserDialogImpl/0.0.1920.1152" timestamp="1748098595196" />
    <state x="2396" y="313" width="620" height="672" key="FileChooserDialogImpl/1280.0.3440.1440/0.892.1280.800" timestamp="1740414853752" />
    <state width="592" height="183" key="ShowUsagesActions.dimensionServiceKey" timestamp="1749052693319">
      <screen x="1280" y="0" width="3440" height="1440" />
    </state>
    <state width="576" height="111" key="ShowUsagesActions.dimensionServiceKey/0.0.1920.1152" timestamp="1748645267226" />
    <state width="604" height="183" key="ShowUsagesActions.dimensionServiceKey/0.0.2560.1440/2560.197.1920.1080" timestamp="1742250738642" />
    <state width="577" height="135" key="ShowUsagesActions.dimensionServiceKey/0.0.2560.1440/2560.201.1920.1080" timestamp="1748040776641" />
    <state width="737" height="111" key="ShowUsagesActions.dimensionServiceKey/0.0.3840.2400/0.0.3840.2400" timestamp="1744834608116" />
    <state width="802" height="135" key="ShowUsagesActions.dimensionServiceKey/1280.0.3440.1440/0.874.1280.800" timestamp="1748634433069" />
    <state width="592" height="183" key="ShowUsagesActions.dimensionServiceKey/1280.0.3440.1440/0.892.1280.800" timestamp="1749052693319" />
    <state width="538" height="159" key="ShowUsagesActions.dimensionServiceKey/1280.0.3440.1440/0.893.1280.800" timestamp="1748980577594" />
    <state x="2999" y="588" width="1043" height="650" key="WELCOME_SCREEN" timestamp="1749054214143">
      <screen x="1280" y="0" width="3440" height="1440" />
    </state>
    <state x="959" y="512" width="1025" height="771" key="WELCOME_SCREEN/0.0.1920.1152" timestamp="1748921332473" />
    <state x="3519" y="684" width="1129" height="743" key="WELCOME_SCREEN/0.0.2560.1440/2560.201.1920.1080" timestamp="1747753825668" />
    <state x="2999" y="588" width="1043" height="650" key="WELCOME_SCREEN/1280.0.3440.1440/0.874.1280.800" timestamp="1748461234213" />
    <state x="2999" y="588" width="1043" height="650" key="WELCOME_SCREEN/1280.0.3440.1440/0.892.1280.800" timestamp="1749054214143" />
    <state x="3000" y="589" width="1106" height="657" key="WELCOME_SCREEN/1280.0.3440.1440/0.893.1280.800" timestamp="1748617976423" />
  </component>
</application>