<keymap version="1" name="GNOME copy" parent="Default for GNOME">
  <action id="ChangesView.ToggleCommitUi" />
  <action id="CheckinProject" />
  <action id="EditorDeleteLine">
    <keyboard-shortcut first-keystroke="ctrl k" />
  </action>
  <action id="Git.Commit.Stage" />
  <action id="GotoFile" />
  <action id="NewScratchFile">
    <keyboard-shortcut first-keystroke="shift ctrl n" />
  </action>
  <action id="UpdateRunningApplication" />
  <action id="android.deploy.ApplyChanges">
    <keyboard-shortcut first-keystroke="ctrl f10" />
  </action>
  <action id="android.deploy.CodeSwap">
    <keyboard-shortcut first-keystroke="ctrl alt f10" />
  </action>
</keymap>